Title,Company,Reword,Link
Flutter 개발자,섬재,합격보상금 100만원,https://www.wanted.co.kr//wd/223159
Flutter 모바일 개발,인피니티익스체인지코리아,합격보상금 100만원,https://www.wanted.co.kr//wd/222156
Flutter(Android) 엔지니어 (전문연 가능),아이엠랩(I.M.LAB),합격보상금 100만원,https://www.wanted.co.kr//wd/220299
Flutter 앱 개발자 (3년 이상),에픽코퍼레이션,합격보상금 100만원,https://www.wanted.co.kr//wd/223522
플랫폼 Flutter 개발자,브랜드엑스피트니스,합격보상금 100만원,https://www.wanted.co.kr//wd/223609
플러터 개발자 (3년 이상),다이노즈,합격보상금 100만원,https://www.wanted.co.kr//wd/203296
플러터 개발자,피에트(FIET),합격보상금 100만원,https://www.wanted.co.kr//wd/209183
ReactNative(Flutter) Frontend Engineer,보닥(아이지넷),합격보상금 100만원,https://www.wanted.co.kr//wd/222035
Flutter 개발자,섬재,합격보상금 100만원,https://www.wanted.co.kr//wd/223159
Flutter 모바일 개발,인피니티익스체인지코리아,합격보상금 100만원,https://www.wanted.co.kr//wd/222156
Flutter(Android) 엔지니어 (전문연 가능),아이엠랩(I.M.LAB),합격보상금 100만원,https://www.wanted.co.kr//wd/220299
Flutter 앱 개발자 (3년 이상),에픽코퍼레이션,합격보상금 100만원,https://www.wanted.co.kr//wd/223522
플랫폼 Flutter 개발자,브랜드엑스피트니스,합격보상금 100만원,https://www.wanted.co.kr//wd/223609
플러터 개발자 (3년 이상),다이노즈,합격보상금 100만원,https://www.wanted.co.kr//wd/203296
플러터 개발자,피에트(FIET),합격보상금 100만원,https://www.wanted.co.kr//wd/209183
ReactNative(Flutter) Frontend Engineer,보닥(아이지넷),합격보상금 100만원,https://www.wanted.co.kr//wd/222035
플러터 개발자 (3년 이상),더블유클럽,합격보상금 100만원,https://www.wanted.co.kr//wd/73811
Mobile (Flutter) 개발자 (4년 이상),큐픽스,합격보상금 100만원,https://www.wanted.co.kr//wd/207359
모바일/웹 클라이언트(flutter) 개발자(1년),스쿨버스,합격보상금 100만원,https://www.wanted.co.kr//wd/201909
Flutter 모바일 개발,버터플라잉,합격보상금 100만원,https://www.wanted.co.kr//wd/215084
[Plus]Flutter 개발자,앤서스랩코리아,합격보상금 100만원,https://www.wanted.co.kr//wd/214495
Front-end 개발자(Flutter/앱) (7년이상),먼슬리키친,합격보상금 100만원,https://www.wanted.co.kr//wd/216792
[100억↑투자] 모바일 App 개발자(Flutter),비엘큐(테스트밸리),합격보상금 100만원,https://www.wanted.co.kr//wd/181248
크로스플랫폼 앱 개발자(Flutter) (SW팀),이노버스,합격보상금 100만원,https://www.wanted.co.kr//wd/214854
Flutter 앱 개발자,비사이드코리아,합격보상금 100만원,https://www.wanted.co.kr//wd/120367
Flutter 모바일 앱 개발자,니더(급구),합격보상금 100만원,https://www.wanted.co.kr//wd/221632
Flutter 개발자,코보시스,합격보상금 100만원,https://www.wanted.co.kr//wd/99737
플러터 개발자,비밀리,합격보상금 100만원,https://www.wanted.co.kr//wd/170344
"프론트엔드 ( Flutter, Next js ) 개발자 JD",용감한파커들,합격보상금 100만원,https://www.wanted.co.kr//wd/214491
Flutter 개발자 (병역특례_현역/보충역),넛지헬스케어(캐시워크),합격보상금 100만원,https://www.wanted.co.kr//wd/168259
모바일 앱 소프트웨어 개발 (Flutter / iOS / Android),블록체인랩스,합격보상금 100만원,https://www.wanted.co.kr//wd/138923
Flutter 앱 개발자,플랙스뉴럴랩스,합격보상금 100만원,https://www.wanted.co.kr//wd/151186
"프론트엔드 개발 엔지니어 (React, Flutter)",크로커스,합격보상금 100만원,https://www.wanted.co.kr//wd/223111
Flutter 개발자,블리몽키즈,합격보상금 100만원,https://www.wanted.co.kr//wd/222392
"프론트엔드 / 모바일 (Vue, Flutter) 엔지니어",드래프티파이,합격보상금 100만원,https://www.wanted.co.kr//wd/220132
[200억↑투자] Flutter 앱 개발자,바로팜,합격보상금 100만원,https://www.wanted.co.kr//wd/211680
Flutter 앱 개발자,엘에스엠케이(LSMK),합격보상금 100만원,https://www.wanted.co.kr//wd/214936
[100억↑투자] Mobile App Developer(Flutter),아임웹,합격보상금 100만원,https://www.wanted.co.kr//wd/182668
프론트엔드 개발자 (Flutter),111퍼센트,합격보상금 100만원,https://www.wanted.co.kr//wd/218337
플러터 개발자,모노리스,합격보상금 100만원,https://www.wanted.co.kr//wd/194856
Flutter 개발자,잇티,합격보상금 100만원,https://www.wanted.co.kr//wd/217973
프론트엔드(web/플러터) 엔지니어 (제주본사/판교근무),피플밤,합격보상금 100만원,https://www.wanted.co.kr//wd/220848
Flutter 모바일 개발자,헥슬란트,합격보상금 100만원,https://www.wanted.co.kr//wd/218591
Flutter 플러터 앱 엔지니어,밀크코퍼레이션,합격보상금 100만원,https://www.wanted.co.kr//wd/161675
플러터 개발자 (2년 이상),한국모바일결제,합격보상금 100만원,https://www.wanted.co.kr//wd/215537
모바일 개발자 (Flutter),포들러스,합격보상금 100만원,https://www.wanted.co.kr//wd/220875
[500억↑투자] 프론트엔드 개발자 (React-native / flutter),아파트멘터리,합격보상금 100만원,https://www.wanted.co.kr//wd/165183
클라이언트팀 Flutter 개발자,로완,합격보상금 100만원,https://www.wanted.co.kr//wd/209205
아파트사업본부 APP(아보카도)개발 - Junior (flutter),더즌(dozn),합격보상금 100만원,https://www.wanted.co.kr//wd/207323
"[100억↑투자] App 개발(Flutter, Android, iOS)",비엘큐(테스트밸리),합격보상금 100만원,https://www.wanted.co.kr//wd/87917
